<?xml version="1.0" encoding="UTF-8"?>
<project-private xmlns="http://www.netbeans.org/ns/project-private/1">
    <editor-bookmarks xmlns="http://www.netbeans.org/ns/editor-bookmarks/2" lastBookmarkId="0"/>
    <open-files xmlns="http://www.netbeans.org/ns/projectui-open-files/2">
        <group>
            <file>file:/home/tunnes/Desenvolvimento/Java%20Server%20Faces/Material%20Extra/terceiro-trabalho-pratico/src/java/beans/Login.java</file>
            <file>file:/home/tunnes/Desenvolvimento/Java%20Server%20Faces/Material%20Extra/terceiro-trabalho-pratico/src/java/beans/ReservaBean.java</file>
            <file>file:/home/tunnes/Desenvolvimento/Java%20Server%20Faces/Material%20Extra/terceiro-trabalho-pratico/src/java/model/Reserva.java</file>
            <file>file:/home/tunnes/Desenvolvimento/Java%20Server%20Faces/Material%20Extra/terceiro-trabalho-pratico/web/pagina_principal.xhtml</file>
        </group>
    </open-files>
</project-private>
